12	12	Drilling.Common/Alarm/CAlarmManager.cs
4	4	Drilling.Common/Automation/CAutomationManager.cs
13	13	Drilling.Common/InterLock/CInterLockManager.cs
27	27	Drilling.Common/Interface/Automation1/CAutomation1Comm.cs
8	8	Drilling.Common/Interface/CComm.cs
61	61	Drilling.Common/Interface/CInterfaceManager.cs
30	30	Drilling.Common/Interface/PicoMotor/CPicoMotor.cs
12	12	Drilling.Common/Interface/PicoMotor/CPicoMotorService.cs
4	4	Drilling.Common/Interface/Serial/CBeamExpander.cs
2	2	Drilling.Common/Interface/Serial/CConex_AGP.cs
2	2	Drilling.Common/Interface/Serial/CPowerMeter.cs
4	4	Drilling.Common/Interface/Serial/CSerialComm.cs
2	2	Drilling.Common/Interface/Serial/CTalonLaser.cs
2	2	Drilling.Common/Interface/Socket/CSocketComm.cs
6	6	Drilling.Common/Interface/Socket/CSocketServerComm.cs
15	15	Drilling.Common/Log/CLogManager.cs
17	10	Drilling.Common/Managers/CManager.cs
4	4	Drilling.Common/Managers/CSettingManager.cs
8	8	Drilling.Common/Motion/CMotionController.cs
61	61	Drilling.Common/Motion/CMotionManager.cs
6	6	Drilling.Common/Motion/XPS/CXpsComm.cs
2	2	Drilling.Common/Motion/XPS/CXpsMotion.cs
27	25	Drilling.Common/Product/CProductManager.cs
2	1	Drilling.Common/Recipe/CRecipeShotMaskingPlan.cs
66	46	Drilling.Common/Recipe/CShotCoordinatePlanBuilder.cs
33	0	Drilling.Common/Review/CReviewManager.cs
4	4	Drilling.Common/Review/CReviewSampleRuleSelector.cs
3	2	Drilling.Common/Station/CStationManager.cs
182	128	Drilling.Common/Station/CStationProcess.cs
7	7	Drilling.File/JHMI/CBETFile.cs
20	20	Drilling.File/JHMI/CConfigStructureFile.cs
19	19	Drilling.File/JHMI/CInterfaceFile.cs
84	86	Drilling.File/JHMI/CJhmiRecipeFile.cs
26	26	Drilling.File/JHMI/CManualScanFile.cs
8	8	Drilling.File/JHMI/CMelsecMapFile.cs
7	7	Drilling.File/JHMI/CMotorFile.cs
33	33	Drilling.File/JHMI/CSettingFile.cs
28	28	Drilling.File/Parser/CCsvParser.cs
31	31	Drilling.File/Product/CProductFile.cs
195	0	Drilling.File/ReviewOffset/CReviewOffsetFile.cs
93	44	Drilling.File/Script/CAutomation1ScriptFile.cs
4	4	Drilling.UI/CApp.xaml.cs
11	10	Drilling.UI/CAppStartup.cs
482	145	Drilling.UI/CRootView.cs
4	1	Drilling.UI/CRootView.xaml
12	0	Drilling.UI/Menu/CBindingBase.cs
2	2	Drilling.UI/Menu/Menus/CCellPreviewDrawing.cs
88	0	Drilling.UI/Menu/Menus/CManualStageMotionPollingService.cs
12	12	Drilling.UI/Menu/Menus/CMenuAlarm.cs
191	125	Drilling.UI/Menu/Menus/CMenuCorrection.cs
118	118	Drilling.UI/Menu/Menus/CMenuMain.cs
769	124	Drilling.UI/Menu/Menus/CMenuManual.cs
210	160	Drilling.UI/Menu/Menus/CMenuMonitor.cs
156	153	Drilling.UI/Menu/Menus/CMenuRecipe.cs
10	10	Drilling.UI/Menu/Menus/CMenuReview.cs
60	60	Drilling.UI/Menu/Menus/CMenuSetting.cs
31	31	Drilling.UI/Menu/Menus/CMonitorStatusPollingService.cs
280	0	Drilling.UI/Popup/CControllerResetSequenceDialog.xaml
308	0	Drilling.UI/Popup/CControllerResetSequenceDialog.xaml.cs
4	4	Drilling.UI/Popup/CInterfaceStatusDialog.xaml.cs
2	2	Drilling.UI/Popup/CPasswordInputDialog.xaml.cs
237	0	Drilling.UI/Popup/CShiftOffsetDialog.xaml
303	0	Drilling.UI/Popup/CShiftOffsetDialog.xaml.cs
64	2	Drilling.UI/Views/CMainView.xaml
11	0	Drilling.UI/Views/CMainView.xaml.cs
196	102	Drilling.UI/Views/CManualView.xaml
14	1	Drilling.UI/Views/CManualView.xaml.cs
3	16	Drilling.sln
